{"batch": [100, 200, 300, 400, 500, 600, 700, 800, 900, 1000, 1100, 1200, 1300, 1400, 1500, 1600, 1700, 1800, 1900, 2000, 2100, 2200, 2300, 2400, 2500, 2600, 2700, 2800, 2900, 3000, 3100, 3200, 3300], "train_loss": [0.9827033281326294, 0.46823641657829285, 0.333275705575943, 0.2476509064435959, 0.26130205392837524, 0.3274194002151489, 0.12738582491874695, 0.21213741600513458, 0.16230063140392303, 0.18959705531597137, 0.10785146802663803, 0.02653612196445465, 0.01792447827756405, 0.03854105621576309, 0.022414961829781532, 0.21898850798606873, 0.2273254543542862, 0.3528422713279724, 0.21908006072044373, 0.12163516134023666, 0.1465713530778885, 0.05646873265504837, 0.053057290613651276, 0.0650438666343689, 0.011900263838469982, 0.0030206614173948765, 0.4161975681781769, 0.017703106626868248, 0.00645825918763876, 0.0065340036526322365, 0.003207076108083129, 0.021586403250694275, 0.0028346418403089046], "val_loss": [0.9475395414233208, 0.4279972122982144, 0.30448323061689736, 0.29929375179111956, 0.3764470537006855, 0.27303943305276335, 0.3489685696735978, 0.2534983572922647, 0.2536975645646453, 0.24297102801036088, 0.2476671530306339, 0.3212418025219813, 0.2404614242678508, 0.23942716734367422, 0.25197003305424004, 0.2316109877685085, 0.24473515189951286, 0.2426794323755894, 0.24493458755780012, 0.22451635510427878, 0.22083709935308435, 0.21573474701726808, 0.22110485409270042, 0.2285528837039601, 0.22964335920347367, 0.2408023155189585, 0.2458809586369898, 0.2534423378406791, 0.2613157566805603, 0.2651935463940026, 0.25448534460098016, 0.25217838493874295, 0.2520729176304303], "f1": [0.4736102428895498, 0.8290888006705637, 0.8912574326061758, 0.8892203347833397, 0.8477425928867959, 0.8936185758572546, 0.864200581857852, 0.9041082158373588, 0.9101796132499224, 0.9110445454620205, 0.907777636658397, 0.891449322739063, 0.9161336505070078, 0.9164809644764492, 0.914784979485849, 0.9160220024066428, 0.9158689309759793, 0.9170466851942, 0.9117563154181045, 0.9237099353275714, 0.9195030351423179, 0.9216380784195641, 0.924670895949344, 0.924961184290321, 0.9257774427247106, 0.9245660863575823, 0.9265113754246409, 0.925642596629457, 0.925049260948469, 0.9238308016432071, 0.9256477022193834, 0.9262364013262696, 0.9259227059928533], "lr": [2e-05, 2e-05, 2e-05, 2e-05, 2e-05, 2e-05, 2e-05, 2e-05, 2e-05, 2e-05, 2e-05, 2e-05, 2e-05, 2e-05, 2e-05, 2e-05, 2e-05, 2e-05, 2e-05, 2e-05, 2e-05, 2e-05, 2e-05, 2e-05, 2e-05, 2e-05, 2e-05, 2e-05, 2e-05, 2e-05, 2e-05, 2e-05, 2e-05]}